Community,conversationParts,Last sent msg,Creation Date,Participant1,Participant2
Adjacent,"salsal , User0",2024-04-26 09:37:00,2023-02-23 16:52:00,salsal,User0
Adjacent,"DemocratizedCapital , User0",2024-01-16 14:26:00,2023-02-24 13:43:00,DemocratizedCapital,User0
Adjacent,"DemocratizedCapital , ToWumbo",2023-02-24 13:46:00,2023-02-24 13:45:00,DemocratizedCapital,ToWumbo
Adjacent,"samgoestocamp , User0",2024-05-10 20:40:00,2023-06-06 00:24:00,samgoestocamp,User0
Adjacent,"User0 , EdibleImagination",2024-05-10 20:39:00,2023-06-29 09:33:00,User0,EdibleImagination
Adjacent,"RichardinMD , User0",2024-04-26 12:22:00,2023-06-29 11:58:00,RichardinMD,User0
Adjacent,"RichardinMD , JaydenJoinstheUnion",2023-06-29 12:02:00,2023-06-29 12:01:00,RichardinMD,JaydenJoinstheUnion
Adjacent,"RichardinMD , CreativeCommunityInvestment",2023-06-29 12:06:00,2023-06-29 12:03:00,RichardinMD,CreativeCommunityInvestment
Adjacent,"RichardinMD , DemocratizedCapital",2023-07-24 14:41:00,2023-06-29 12:07:00,RichardinMD,DemocratizedCapital
Adjacent,"User0 , VC Techboi",2024-06-10 08:47:00,2023-06-29 20:01:00,User0,VC Techboi
Adjacent,"TammyMama , VC Techboi",2023-07-01 13:40:00,2023-07-01 13:20:00,TammyMama,VC Techboi
Adjacent,"Erutis , User0",2023-07-03 15:03:00,2023-07-03 14:58:00,Erutis,User0
Adjacent,"EdibleImagination , samgoestocamp",2023-07-03 18:10:00,2023-07-03 18:10:00,EdibleImagination,samgoestocamp
Adjacent,"Fate , DemocratizedCapital",2023-07-04 11:28:00,2023-07-04 11:17:00,Fate,DemocratizedCapital
Adjacent,"ShayImpact , DemocratizedCapital",2023-07-04 22:31:00,2023-07-04 22:28:00,ShayImpact,DemocratizedCapital
Adjacent,"User0 , Pal-squared",2023-07-10 18:11:00,2023-07-10 18:10:00,User0,Pal-squared
Adjacent,"dlachanc , sarabeth",2023-10-07 00:42:00,2023-07-19 00:08:00,dlachanc,sarabeth
Adjacent,"dlachanc , ToWumbo",2023-07-19 00:15:00,2023-07-19 00:15:00,dlachanc,ToWumbo
Adjacent,"RichardinMD , dlachanc",2023-07-24 14:35:00,2023-07-24 14:34:00,RichardinMD,dlachanc
Adjacent,"RichardinMD , Pal-squared",2023-07-24 14:37:00,2023-07-24 14:36:00,RichardinMD,Pal-squared
Adjacent,"RichardinMD , samgoestocamp",2023-07-24 14:40:00,2023-07-24 14:38:00,RichardinMD,samgoestocamp
Adjacent,"RichardinMD , VC Techboi",2023-07-28 08:04:00,2023-07-24 14:45:00,RichardinMD,VC Techboi
Adjacent,"RichardinMD , sarabeth",2023-07-24 17:11:00,2023-07-24 14:47:00,RichardinMD,sarabeth
Adjacent,"RichardinMD , EdibleImagination",2023-07-24 14:57:00,2023-07-24 14:55:00,RichardinMD,EdibleImagination
Adjacent,"RichardinMD , Jtalasek",2023-07-24 15:16:00,2023-07-24 15:09:00,RichardinMD,Jtalasek
Adjacent,"Iwakintoye , Dami",2024-10-28 08:22:00,2023-08-20 19:00:00,Iwakintoye,Dami
Adjacent,"Iwakintoye , User0",2024-10-28 10:04:00,2023-09-08 09:36:00,Iwakintoye,User0
Adjacent,"RichardinMD , KariWurst",2023-09-13 09:52:00,2023-09-13 09:20:00,RichardinMD,KariWurst
Adjacent,"Dami , KariWurst , Iwakintoye",2023-10-10 10:38:00,2023-09-28 08:50:00,Dami,KariWurst
Adjacent,"sarabeth , dlachanc , User0",2023-10-04 15:54:00,2023-09-29 10:46:00,sarabeth,dlachanc
Adjacent,"salsal , KariWurst , User0",2023-10-10 19:35:00,2023-09-29 10:55:00,salsal,KariWurst
Adjacent,"samgoestocamp , VC Techboi , sarabeth , dlachanc , User0",2023-10-04 01:25:00,2023-09-29 13:47:00,samgoestocamp,VC Techboi
Adjacent,"User0 , ycsun",2023-10-02 11:15:00,2023-10-01 22:59:00,User0,ycsun
Adjacent,"User0 , R",2023-11-26 19:46:00,2023-11-26 19:45:00,User0,R
Adjacent,"User0 , marcusroar",2023-11-26 19:47:00,2023-11-26 19:46:00,User0,marcusroar
Adjacent,"User0 , Lijka",2023-12-10 18:21:00,2023-12-10 18:19:00,User0,Lijka
Adjacent,"User0 , Vincent",2023-12-14 20:21:00,2023-12-14 20:20:00,User0,Vincent
Adjacent,"User0 , bklewis224",2023-12-17 17:49:00,2023-12-17 17:48:00,User0,bklewis224
Adjacent,"User0 , Charlottemarmolejo",2023-12-26 13:39:00,2023-12-26 13:38:00,User0,Charlottemarmolejo
Adjacent,"User0 , Rare",2023-12-28 16:01:00,2023-12-28 15:55:00,User0,Rare
Adjacent,"User0 , Broadmind",2024-01-05 12:22:00,2024-01-05 12:21:00,User0,Broadmind
Adjacent,"User0 , Maha",2024-01-06 10:26:00,2024-01-06 10:25:00,User0,Maha
Adjacent,"IntuitiveMaker , Iwakintoye",2024-01-08 08:13:00,2024-01-08 08:09:00,IntuitiveMaker,Iwakintoye
Adjacent,"User0 , Kafta",2024-05-10 20:51:00,2024-01-16 14:27:00,User0,Kafta
Adjacent,"MRozner , User0",2024-01-17 14:16:00,2024-01-17 14:14:00,MRozner,User0
Adjacent,"Aneil Tripathy , User0",2024-02-10 19:54:00,2024-01-17 14:29:00,Aneil Tripathy,User0
Adjacent,"Jerry2005@ , User0",2024-01-17 14:30:00,2024-01-17 14:30:00,Jerry2005@,User0
Adjacent,"Abhi  , User0",2024-01-17 14:31:00,2024-01-17 14:31:00,Abhi ,User0
Adjacent,"User0 , JaydenJoinstheUnion",2024-01-27 12:04:00,2024-01-27 12:04:00,User0,JaydenJoinstheUnion
Adjacent,"User0 , AoT_Ben",2024-02-06 16:34:00,2024-02-06 16:34:00,User0,AoT_Ben
Adjacent,"User0 , Zero",2024-05-02 21:02:00,2024-02-07 00:10:00,User0,Zero
Adjacent,"User0 , jglazatin",2024-02-07 08:51:00,2024-02-07 08:51:00,User0,jglazatin
Adjacent,"User0 , Melvin",2024-02-07 11:45:00,2024-02-07 11:45:00,User0,Melvin
Adjacent,"User0 , JNCSKL",2024-05-14 10:12:00,2024-02-09 18:47:00,User0,JNCSKL
Adjacent,"User0 , imafikus",2024-02-10 13:31:00,2024-02-10 13:31:00,User0,imafikus
Adjacent,"VC Techboi , VibeTherapy",2024-02-12 08:40:00,2024-02-12 08:40:00,VC Techboi,VibeTherapy
Adjacent,"User0 , iara",2024-02-16 15:10:00,2024-02-16 15:10:00,User0,iara
Adjacent,"CreativeCommunityInvestment , User0",2024-05-10 20:39:00,2024-02-21 15:18:00,CreativeCommunityInvestment,User0
Adjacent,"User0 , ConsidertheWildflowers",2024-02-22 17:39:00,2024-02-21 15:21:00,User0,ConsidertheWildflowers
Adjacent,"User0 , S_nti_go",2024-10-28 12:43:00,2024-02-23 19:23:00,User0,S_nti_go
Adjacent,"User0 , Aj",2024-02-25 08:35:00,2024-02-24 23:29:00,User0,Aj
Adjacent,"User0 , Kpankaj",2024-02-25 10:53:00,2024-02-25 10:53:00,User0,Kpankaj
Adjacent,"User0 , amsufi",2024-02-26 08:36:00,2024-02-26 08:36:00,User0,amsufi
Adjacent,"User0 , Vivekanand",2024-02-26 08:38:00,2024-02-26 08:36:00,User0,Vivekanand
Adjacent,"User0 , chriskernaghan",2024-02-26 09:06:00,2024-02-26 09:05:00,User0,chriskernaghan
Adjacent,"User0 , abhijithneilabraham",2024-02-26 09:42:00,2024-02-26 09:41:00,User0,abhijithneilabraham
Adjacent,"User0 , LukeP",2024-02-27 07:06:00,2024-02-27 07:05:00,User0,LukeP
Adjacent,"User0 , JoeMindo",2024-05-02 21:00:00,2024-02-27 10:26:00,User0,JoeMindo
Adjacent,"User0 , nchris12",2024-02-27 12:53:00,2024-02-27 12:52:00,User0,nchris12
Adjacent,"User0 , Yashvant",2024-02-28 07:45:00,2024-02-28 07:45:00,User0,Yashvant
Adjacent,"User0 , SolHando",2024-02-29 12:48:00,2024-02-29 12:48:00,User0,SolHando
Adjacent,"User0 , Taylorb",2024-04-22 05:38:00,2024-02-29 13:13:00,User0,Taylorb
Adjacent,"User0 , mkhill1212",2024-02-29 13:14:00,2024-02-29 13:14:00,User0,mkhill1212
Adjacent,"User0 , Mel",2024-03-02 00:35:00,2024-03-01 09:55:00,User0,Mel
Adjacent,"User0 , egarfink ",2024-03-01 14:32:00,2024-03-01 10:03:00,User0,egarfink 
Adjacent,"User0 , KatsAquatics ",2024-03-01 10:43:00,2024-03-01 10:42:00,User0,KatsAquatics 
Adjacent,"User0 , Jlopez",2024-03-01 11:22:00,2024-03-01 11:21:00,User0,Jlopez
Adjacent,"User0 , yahia",2024-03-01 15:01:00,2024-03-01 14:44:00,User0,yahia
Adjacent,benbartolone,2024-06-03 20:30:00,2024-03-01 14:46:00,benbartolone,
Adjacent,"User0 , benbartolone",2024-03-05 14:19:00,2024-03-01 14:54:00,User0,benbartolone
Adjacent,"User0 , AngelaKStudio",2024-03-07 15:42:00,2024-03-07 15:42:00,User0,AngelaKStudio
Adjacent,"User0 , Simon",2024-03-08 17:19:00,2024-03-08 17:18:00,User0,Simon
Adjacent,"User0 , CeemoAI",2024-03-08 22:40:00,2024-03-08 22:38:00,User0,CeemoAI
Adjacent,"User0 , Badees Nouiouay",2024-03-11 09:00:00,2024-03-11 08:59:00,User0,Badees Nouiouay
Adjacent,"User0 , Mcdach32",2024-03-17 10:21:00,2024-03-14 16:05:00,User0,Mcdach32
Adjacent,"User0 , Valentinabraetz ",2024-03-14 17:29:00,2024-03-14 16:11:00,User0,Valentinabraetz 
Adjacent,"VC Techboi , DemocratizedCapital",2024-05-02 20:37:00,2024-03-14 20:25:00,VC Techboi,DemocratizedCapital
Adjacent,"User0 , Jack",2024-03-17 10:28:00,2024-03-17 10:25:00,User0,Jack
Adjacent,"User0 , F",2024-03-17 10:28:00,2024-03-17 10:28:00,User0,F
Adjacent,"User0 , SBSF",2024-03-17 10:31:00,2024-03-17 10:29:00,User0,SBSF
Adjacent,"User0 , JesseKasser",2024-06-04 17:25:00,2024-03-19 11:43:00,User0,JesseKasser
Adjacent,"User0 , NMew",2024-03-19 14:34:00,2024-03-19 14:34:00,User0,NMew
Adjacent,"User0 , LiminalStatesofAmerica",2024-03-31 15:40:00,2024-03-26 09:18:00,User0,LiminalStatesofAmerica
Adjacent,"User0 , Bobthebuilder",2024-03-27 16:10:00,2024-03-27 16:10:00,User0,Bobthebuilder
Adjacent,"User0 , skilledMason",2024-07-15 09:58:00,2024-03-28 13:00:00,User0,skilledMason
Adjacent,"User0 , mg",2024-03-28 19:22:00,2024-03-28 19:22:00,User0,mg
Adjacent,"skilledMason , Dami",2024-03-28 19:49:00,2024-03-28 19:49:00,skilledMason,Dami
Adjacent,"User0 , oliverchan@sbcglobal.net",2024-03-29 00:37:00,2024-03-29 00:36:00,User0,oliverchan@sbcglobal.net
Adjacent,"User0 , Andrew",2024-03-29 09:16:00,2024-03-29 09:16:00,User0,Andrew
Adjacent,"User0 , kellyrmaher",2024-04-01 10:42:00,2024-04-01 10:42:00,User0,kellyrmaher
Adjacent,"User0 , Ruby",2024-04-01 10:44:00,2024-04-01 10:43:00,User0,Ruby
Adjacent,"User0 , Lauren ",2024-04-03 13:36:00,2024-04-01 10:45:00,User0,Lauren 
Adjacent,"TakoyaKenj , Lauren ",2024-04-05 09:13:00,2024-04-01 13:45:00,TakoyaKenj,Lauren 
Adjacent,"TakoyaKenj , Taylorb",2024-04-06 12:29:00,2024-04-01 13:47:00,TakoyaKenj,Taylorb
Adjacent,"User0 , TakoyaKenj",2024-04-01 14:16:00,2024-04-01 14:14:00,User0,TakoyaKenj
Adjacent,"TakoyaKenj , CeemoAI",2024-04-01 15:08:00,2024-04-01 15:08:00,TakoyaKenj,CeemoAI
Adjacent,"TakoyaKenj , Melvin",2024-04-01 15:09:00,2024-04-01 15:08:00,TakoyaKenj,Melvin
Adjacent,"User0 , Tamara",2024-04-04 10:25:00,2024-04-04 10:24:00,User0,Tamara
Adjacent,"User0 , Yonas mulugeta ",2024-04-04 13:07:00,2024-04-04 12:27:00,User0,Yonas mulugeta 
Adjacent,"TakoyaKenj , S_nti_go",2024-04-05 09:59:00,2024-04-05 08:37:00,TakoyaKenj,S_nti_go
Adjacent,"TakoyaKenj , Pal-squared",2024-04-05 08:37:00,2024-04-05 08:37:00,TakoyaKenj,Pal-squared
Adjacent,"TakoyaKenj , DemocratizedCapital",2024-04-05 08:40:00,2024-04-05 08:40:00,TakoyaKenj,DemocratizedCapital
Adjacent,"TakoyaKenj , JaydenJoinstheUnion",2024-04-05 08:41:00,2024-04-05 08:41:00,TakoyaKenj,JaydenJoinstheUnion
Adjacent,"TakoyaKenj , skilledMason",2024-04-15 09:53:00,2024-04-05 08:41:00,TakoyaKenj,skilledMason
Adjacent,"TakoyaKenj , JesseKasser",2024-06-03 22:04:00,2024-04-05 09:13:00,TakoyaKenj,JesseKasser
Adjacent,"User0 , henrique.olson",2024-05-02 20:46:00,2024-04-05 12:03:00,User0,henrique.olson
Adjacent,"User0 , Sarah",2024-05-02 21:01:00,2024-04-05 19:03:00,User0,Sarah
Adjacent,"User0 , Phila",2024-05-02 20:50:00,2024-04-07 17:59:00,User0,Phila
Adjacent,"Lauren  , S_nti_go",2024-05-10 21:35:00,2024-04-09 01:35:00,Lauren ,S_nti_go
Adjacent,"User0 , te",2024-04-10 10:36:00,2024-04-10 10:36:00,User0,te
Adjacent,"User0 , Diego Bueno ",2024-04-16 12:07:00,2024-04-15 14:52:00,User0,Diego Bueno 
Adjacent,"wmburke , User0",2024-05-02 20:04:00,2024-04-17 17:26:00,wmburke,User0
Adjacent,"User0 , jfsnchz",2024-04-17 21:46:00,2024-04-17 21:46:00,User0,jfsnchz
Adjacent,"te , Lauren ",2024-04-18 05:10:00,2024-04-18 05:06:00,te,Lauren 
Adjacent,"Dami , User0",2024-10-28 08:27:00,2024-04-19 08:00:00,Dami,User0
Adjacent,"User0 , Ilschwar",2024-04-22 20:51:00,2024-04-22 18:50:00,User0,Ilschwar
Adjacent,"satpalshetkar , salsal",2024-04-23 12:36:00,2024-04-23 12:36:00,satpalshetkar,salsal
Adjacent,"User0 , satpalshetkar",2024-04-23 13:44:00,2024-04-23 13:44:00,User0,satpalshetkar
Adjacent,"User0 , AmiAmigo",2024-04-26 09:35:00,2024-04-26 09:35:00,User0,AmiAmigo
Adjacent,"User0 , Selena",2024-04-29 00:47:00,2024-04-28 18:54:00,User0,Selena
Adjacent,"Iwakintoye , skilledMason",2024-04-30 15:59:00,2024-04-30 15:59:00,Iwakintoye,skilledMason
Adjacent,User0,2024-05-01 08:50:00,2024-05-01 08:39:00,User0,
Adjacent,"Salman , samgoestocamp",2024-05-02 11:27:00,2024-05-02 11:27:00,Salman,samgoestocamp
Adjacent,"User0 , Salman",2024-05-02 11:44:00,2024-05-02 11:43:00,User0,Salman
Adjacent,"User0 , OMN-4",2024-06-05 10:25:00,2024-05-02 18:59:00,User0,OMN-4
Adjacent,"User0 , sstewart8",2024-05-05 11:43:00,2024-05-04 16:53:00,User0,sstewart8
Adjacent,"sstewart8 , abhijithneilabraham",2024-05-04 23:12:00,2024-05-04 23:12:00,sstewart8,abhijithneilabraham
Adjacent,"User0 , Matteos",2024-05-05 11:00:00,2024-05-05 10:59:00,User0,Matteos
Adjacent,"dlachanc , sstewart8",2024-05-06 14:21:00,2024-05-05 14:31:00,dlachanc,sstewart8
Adjacent,"TakoyaKenj , OMN-4",2024-05-09 14:05:00,2024-05-06 12:39:00,TakoyaKenj,OMN-4
Adjacent,"TakoyaKenj , sstewart8",2024-05-06 22:01:00,2024-05-06 12:56:00,TakoyaKenj,sstewart8
Adjacent,"User0 , Nubia",2024-05-07 12:54:00,2024-05-07 10:54:00,User0,Nubia
Adjacent,"Nubia , skilledMason",2024-05-09 02:55:00,2024-05-07 11:42:00,Nubia,skilledMason
Adjacent,"Taylorb , Nubia , User0",2024-05-09 09:37:00,2024-05-07 14:07:00,Taylorb,Nubia
Adjacent,"User0 , Mesh ",2024-05-08 07:46:00,2024-05-07 22:35:00,User0,Mesh 
Adjacent,"User0 , Alexw2024",2024-05-08 12:52:00,2024-05-08 12:52:00,User0,Alexw2024
Adjacent,"TestingComments , User0",2024-05-10 20:38:00,2024-05-10 20:38:00,TestingComments,User0
Adjacent,"Kafta , S_nti_go",2024-05-10 21:32:00,2024-05-10 20:47:00,Kafta,S_nti_go
Adjacent,"Kafta , JNCSKL",2024-05-11 17:07:00,2024-05-10 20:49:00,Kafta,JNCSKL
Adjacent,"Kafta , Taylorb",2024-05-10 20:50:00,2024-05-10 20:50:00,Kafta,Taylorb
Adjacent,"Kafta , Lauren ",2024-05-10 20:57:00,2024-05-10 20:57:00,Kafta,Lauren 
Adjacent,"TakoyaKenj , Kafta",2024-05-10 23:51:00,2024-05-10 23:51:00,TakoyaKenj,Kafta
Adjacent,"User0 , mattstrick",2024-11-04 18:48:00,2024-05-11 11:50:00,User0,mattstrick
Adjacent,"User0 , Fauzan",2024-05-11 12:59:00,2024-05-11 12:34:00,User0,Fauzan
Adjacent,"Desmond  , dlachanc",2024-05-11 16:54:00,2024-05-11 16:53:00,Desmond ,dlachanc
Adjacent,"Desmond  , JNCSKL",2024-05-12 06:42:00,2024-05-11 17:04:00,Desmond ,JNCSKL
Adjacent,"User0 , Desmond ",2024-05-11 17:16:00,2024-05-11 17:15:00,User0,Desmond 
Adjacent,"sstewart8 , mattstrick",2024-05-11 21:37:00,2024-05-11 19:38:00,sstewart8,mattstrick
Adjacent,"User0 , Gazia",2024-05-12 23:03:00,2024-05-12 23:03:00,User0,Gazia
Adjacent,"User0 , Julieromero",2024-05-13 15:27:00,2024-05-13 15:26:00,User0,Julieromero
Adjacent,"User0 , Kesavan",2024-05-14 07:48:00,2024-05-14 07:47:00,User0,Kesavan
Adjacent,"User0 , kuz b",2024-05-14 08:16:00,2024-05-14 08:16:00,User0,kuz b
Adjacent,"JNCSKL , mattstrick , User0",2024-05-14 11:16:00,2024-05-14 10:14:00,JNCSKL,mattstrick
Adjacent,"mattstrick , JNCSKL",2024-05-17 17:27:00,2024-05-14 10:44:00,mattstrick,JNCSKL
Adjacent,"User0 , Simmsa",2024-05-14 11:19:00,2024-05-14 11:17:00,User0,Simmsa
Adjacent,"User0 , Ejboustany",2024-05-15 19:40:00,2024-05-15 19:05:00,User0,Ejboustany
Adjacent,"User0 , BradleyJHubbard",2024-06-06 13:34:00,2024-05-16 09:00:00,User0,BradleyJHubbard
Adjacent,"TakoyaKenj , Ejboustany",2024-05-16 12:08:00,2024-05-16 11:56:00,TakoyaKenj,Ejboustany
Adjacent,"User0 , Faraday",2024-06-03 13:06:00,2024-05-18 23:34:00,User0,Faraday
Adjacent,"User0 , Prateek V ",2024-05-20 23:51:00,2024-05-19 12:52:00,User0,Prateek V 
Adjacent,"User0 , rahulSindhav",2024-05-19 13:26:00,2024-05-19 13:26:00,User0,rahulSindhav
Adjacent,"mattstrick , JaydenJoinstheUnion",2024-05-20 11:14:00,2024-05-20 11:12:00,mattstrick,JaydenJoinstheUnion
Adjacent,"User0 , jsimchik",2024-05-23 12:30:00,2024-05-22 09:17:00,User0,jsimchik
Adjacent,"User0 , sync",2024-05-25 10:02:00,2024-05-25 10:01:00,User0,sync
Adjacent,"User0 , mgarciaquismondo",2024-05-28 08:36:00,2024-05-28 08:35:00,User0,mgarciaquismondo
Adjacent,"User0 , Thebaro",2024-05-29 07:49:00,2024-05-29 07:49:00,User0,Thebaro
Adjacent,"User0 , rad.armen",2024-05-29 18:14:00,2024-05-29 07:51:00,User0,rad.armen
Adjacent,"User0 , armeninvest",2024-05-30 12:55:00,2024-05-30 12:55:00,User0,armeninvest
Adjacent,"User0 , asaasad",2024-06-01 08:17:00,2024-06-01 08:17:00,User0,asaasad
Adjacent,"User0 , LMikeH",2024-06-03 11:58:00,2024-06-01 22:42:00,User0,LMikeH
Adjacent,"S_nti_go , JesseKasser",2024-06-03 22:26:00,2024-06-03 20:32:00,S_nti_go,JesseKasser
Adjacent,"S_nti_go , Faraday",2024-06-08 16:47:00,2024-06-03 22:11:00,S_nti_go,Faraday
Adjacent,"S_nti_go , wmburke",2024-06-03 22:35:00,2024-06-03 22:35:00,S_nti_go,wmburke
Adjacent,"S_nti_go , Desmond ",2024-06-03 22:46:00,2024-06-03 22:46:00,S_nti_go,Desmond 
Adjacent,"User0 , Adedee",2024-06-05 08:38:00,2024-06-05 08:37:00,User0,Adedee
Adjacent,"User0 , Steffi",2024-06-05 08:44:00,2024-06-05 08:38:00,User0,Steffi
Adjacent,"ShyamS , Nubia",2024-06-06 06:59:00,2024-06-06 06:58:00,ShyamS,Nubia
Adjacent,"User0 , ShyamS",2024-06-06 08:02:00,2024-06-06 08:00:00,User0,ShyamS
Adjacent,"User0 , TheStrive",2024-07-23 22:37:00,2024-06-06 09:56:00,User0,TheStrive
Adjacent,"BradleyJHubbard , CeemoAI",2024-06-06 12:48:00,2024-06-06 12:47:00,BradleyJHubbard,CeemoAI
Adjacent,"User0 , Jaredalbright",2024-06-12 17:48:00,2024-06-06 20:37:00,User0,Jaredalbright
Adjacent,"User0 , juliette",2024-06-06 20:56:00,2024-06-06 20:56:00,User0,juliette
Adjacent,"User0 , Shrags",2024-06-09 10:43:00,2024-06-09 10:42:00,User0,Shrags
Adjacent,"User0 , Darii ",2024-06-10 08:43:00,2024-06-10 08:43:00,User0,Darii 
Adjacent,"User0 , jenn793",2024-06-11 15:19:00,2024-06-11 15:19:00,User0,jenn793
Adjacent,"jenn793 , mattstrick",2024-06-12 11:45:00,2024-06-11 15:32:00,jenn793,mattstrick
Adjacent,"jenn793 , Melvin",2024-06-11 15:57:00,2024-06-11 15:57:00,jenn793,Melvin
Adjacent,"jenn793 , sstewart8",2024-06-11 16:39:00,2024-06-11 16:38:00,jenn793,sstewart8
Adjacent,"jenn793 , salsal",2024-06-11 16:40:00,2024-06-11 16:40:00,jenn793,salsal
Adjacent,"mattstrick , OMN-4 , S_nti_go , User0",2024-10-30 19:41:00,2024-06-11 16:51:00,mattstrick,OMN-4
Adjacent,"User0 , Samk",2024-06-27 11:52:00,2024-06-11 17:38:00,User0,Samk
Adjacent,"User0 , Adam_from_KarmaHub",2024-06-11 23:15:00,2024-06-11 23:14:00,User0,Adam_from_KarmaHub
Adjacent,"RobC , AmyWu",2024-06-12 09:54:00,2024-06-12 09:54:00,RobC,AmyWu
Adjacent,"User0 , RobC",2024-06-16 16:19:00,2024-06-12 10:56:00,User0,RobC
Adjacent,"User0 , jasonfi",2024-06-12 10:59:00,2024-06-12 10:58:00,User0,jasonfi
Adjacent,"User0 , joshvanauken",2024-06-12 14:37:00,2024-06-12 14:37:00,User0,joshvanauken
Adjacent,"jenn793 , Samk",2024-06-26 13:17:00,2024-06-12 16:32:00,jenn793,Samk
Adjacent,"User0 , IncFi ",2024-06-12 22:24:00,2024-06-12 22:22:00,User0,IncFi 
Adjacent,"User0 , Olga",2024-06-13 16:59:00,2024-06-13 16:58:00,User0,Olga
Adjacent,"User0 , Sutton",2024-06-17 14:42:00,2024-06-14 19:15:00,User0,Sutton
Adjacent,"TakoyaKenj , Sutton",2024-06-14 20:04:00,2024-06-14 19:59:00,TakoyaKenj,Sutton
Adjacent,"User0 , Psim",2024-06-15 10:31:00,2024-06-15 10:31:00,User0,Psim
Adjacent,"User0 , JONJON",2024-06-15 23:10:00,2024-06-15 23:08:00,User0,JONJON
Adjacent,"User0 , TheOnyon",2024-06-16 22:34:00,2024-06-16 22:02:00,User0,TheOnyon
Adjacent,"User0 , adebayoe",2024-06-18 16:01:00,2024-06-18 16:00:00,User0,adebayoe
Adjacent,"User0 , sdfdagdf",2024-06-24 13:10:00,2024-06-24 13:10:00,User0,sdfdagdf
Adjacent,"Adam_from_KarmaHub , Sutton",,2024-06-24 17:19:00,Adam_from_KarmaHub,Sutton
Adjacent,"User0 , Anas",2024-06-25 20:20:00,2024-06-25 20:20:00,User0,Anas
Adjacent,"Samk , sarabeth",2024-06-26 13:16:00,2024-06-26 13:16:00,Samk,sarabeth
Adjacent,"User0 , Suman Hirachan ",2024-06-27 07:06:00,2024-06-27 07:06:00,User0,Suman Hirachan 
Adjacent,"User0 , Simos",2024-07-04 08:52:00,2024-07-04 08:03:00,User0,Simos
Adjacent,"User0 , Patter",2024-07-04 08:04:00,2024-07-04 08:04:00,User0,Patter
Adjacent,"User0 , Vaughan",2024-07-06 09:05:00,2024-07-05 21:53:00,User0,Vaughan
Adjacent,"User0 , Curatedbykamila",2024-07-05 21:54:00,2024-07-05 21:54:00,User0,Curatedbykamila
Adjacent,"User0 , jm7",2024-07-07 14:43:00,2024-07-07 14:42:00,User0,jm7
Adjacent,"User0 , Harriman",2024-07-11 09:37:00,2024-07-11 09:37:00,User0,Harriman
Adjacent,"User0 , bobo",2024-07-13 09:57:00,2024-07-13 09:57:00,User0,bobo
Adjacent,"User0 , ulasdeniz98",2024-07-15 16:59:00,2024-07-15 16:59:00,User0,ulasdeniz98
Adjacent,"User0 , Tbarb",2024-07-16 14:19:00,2024-07-16 14:18:00,User0,Tbarb
Adjacent,"User0 , mrwiworld",2024-07-22 19:25:00,2024-07-22 19:24:00,User0,mrwiworld
Adjacent,"User0 , Radubirsan",2024-07-25 19:44:00,2024-07-25 09:42:00,User0,Radubirsan
Adjacent,"User0 , Micl",2024-07-27 00:35:00,2024-07-27 00:33:00,User0,Micl
Adjacent,"User0 , joisinw",2024-08-14 00:45:00,2024-08-14 00:44:00,User0,joisinw
Adjacent,User0,2024-08-14 00:46:00,2024-08-14 00:45:00,User0,
Adjacent,User0,2024-08-14 12:54:00,2024-08-14 12:54:00,User0,
Adjacent,"User0 , denny",2024-08-16 21:24:00,2024-08-16 21:24:00,User0,denny
Adjacent,"User0 , isaac campbell ",2024-08-25 15:28:00,2024-08-25 15:27:00,User0,isaac campbell 
Adjacent,"User0 , Oli",2024-09-13 16:34:00,2024-09-13 16:34:00,User0,Oli
Adjacent,"User0 , lseidman",2024-09-26 17:27:00,2024-09-25 09:42:00,User0,lseidman
Adjacent,"User0 , Ryan.in.NYC",2024-09-25 09:45:00,2024-09-25 09:45:00,User0,Ryan.in.NYC
Adjacent,"User0 , Kaifeng （Lance）Gu",2024-09-25 19:39:00,2024-09-25 19:39:00,User0,Kaifeng （Lance）Gu
Adjacent,"User0 , Sbsm",2024-09-26 16:23:00,2024-09-26 16:22:00,User0,Sbsm
Adjacent,"User0 , Gill",2024-10-01 16:57:00,2024-10-01 16:57:00,User0,Gill
Adjacent,"User0 , Therkels",2024-10-06 14:40:00,2024-10-01 20:06:00,User0,Therkels
Adjacent,"User0 , beenjam",2024-10-03 17:15:00,2024-10-03 17:14:00,User0,beenjam
Adjacent,"Carina23 , sarabeth",2024-10-15 18:14:00,2024-10-15 18:14:00,Carina23,sarabeth
Adjacent,"User0 , Carina23",2024-10-15 20:42:00,2024-10-15 18:24:00,User0,Carina23
Adjacent,"User0 , Emiliya",2024-10-15 20:40:00,2024-10-15 20:40:00,User0,Emiliya
Adjacent,"User0 , Vladimir",2024-10-16 08:16:00,2024-10-16 08:14:00,User0,Vladimir
Adjacent,"User0 , Anand ",2024-10-16 19:50:00,2024-10-16 19:49:00,User0,Anand 
Launch New Hampshire,"User0 , adamour",2024-10-17 18:21:00,2024-10-17 18:21:00,User0,adamour
Adjacent,"User0 , mleidner",2024-10-21 16:58:00,2024-10-21 16:51:00,User0,mleidner
Adjacent,"User0 , CS",2024-10-26 19:00:00,2024-10-26 19:00:00,User0,CS
Adjacent,"S_nti_go , DemocratizedCapital",2024-10-27 22:39:00,2024-10-27 22:35:00,S_nti_go,DemocratizedCapital
Adjacent,User0,2024-11-01 12:41:00,2024-11-01 12:41:00,User0,
Adjacent,"User0 , Sai",2024-11-01 12:42:00,2024-11-01 12:42:00,User0,Sai
Adjacent,"User0 , kailin",2024-11-01 14:46:00,2024-11-01 14:45:00,User0,kailin
Adjacent,"User0 , MannyA",2024-11-01 18:51:00,2024-11-01 18:51:00,User0,MannyA
Adjacent,"User0 , shenn",2024-11-02 08:55:00,2024-11-02 08:54:00,User0,shenn
Adjacent,"User0 , AJ",2024-11-02 08:55:00,2024-11-02 08:55:00,User0,AJ
Adjacent,"User0 , Mani",2024-11-02 18:30:00,2024-11-02 18:08:00,User0,Mani
Adjacent,"User0 , AbhishekVishwakarma",2024-11-04 09:17:00,2024-11-04 09:16:00,User0,AbhishekVishwakarma
Adjacent,as,2024-11-06 03:07:00,2024-11-06 03:07:00,as,
Adjacent,"User0 , as",2024-11-06 06:22:00,2024-11-06 06:21:00,User0,as
Adjacent,"User0 , Etienne ",2024-11-06 06:25:00,2024-11-06 06:25:00,User0,Etienne 
Adjacent,"MrSuavee , CreativeCommunityInvestment",2024-11-06 22:24:00,2024-11-06 22:23:00,MrSuavee,CreativeCommunityInvestment
Adjacent,"User0 , MrSuavee",2024-12-22 09:10:00,2024-11-06 22:24:00,User0,MrSuavee
Adjacent,"MrSuavee , thebluecamper",2024-11-07 11:14:00,2024-11-06 22:34:00,MrSuavee,thebluecamper
Adjacent,"MrSuavee , LMikeH",2024-11-06 22:51:00,2024-11-06 22:50:00,MrSuavee,LMikeH
Adjacent,"MrSuavee , Mani",2024-11-06 22:58:00,2024-11-06 22:58:00,MrSuavee,Mani
Adjacent,"User0 , Manigandan_RMG",2024-11-07 02:48:00,2024-11-07 02:48:00,User0,Manigandan_RMG
Adjacent,"thebluecamper , User0",2024-11-07 08:49:00,2024-11-07 08:49:00,thebluecamper,User0
Adjacent,"User0 , Pani_khosh",2024-11-11 11:30:00,2024-11-11 11:30:00,User0,Pani_khosh
Adjacent,"User0 , Gurpreet",2024-11-11 12:12:00,2024-11-11 12:11:00,User0,Gurpreet
Adjacent,"User0 , Alexei_211",2024-11-11 12:12:00,2024-11-11 12:12:00,User0,Alexei_211
Adjacent,"mattstrick , thebluecamper",2024-11-11 17:01:00,2024-11-11 17:01:00,mattstrick,thebluecamper
Adjacent,"User0 , Jace Foddrill",2024-11-11 20:27:00,2024-11-11 20:27:00,User0,Jace Foddrill
Adjacent,"User0 , NicPlamann",2024-11-18 02:29:00,2024-11-18 02:29:00,User0,NicPlamann
Adjacent,"User0 , auspiciousgambler",2024-11-26 03:23:00,2024-11-26 03:22:00,User0,auspiciousgambler
Adjacent,"User0 , Gnansb",2024-12-03 13:49:00,2024-12-03 13:49:00,User0,Gnansb
Adjacent,"User0 , Pinto ",2024-12-04 08:12:00,2024-12-04 08:12:00,User0,Pinto 
Adjacent,"User0 , HelloWorld",2024-12-11 15:58:00,2024-12-11 15:58:00,User0,HelloWorld
Adjacent,User0,2024-12-11 18:36:00,2024-12-11 18:33:00,User0,
Adjacent,"User0 , Paperbit.io",2024-12-12 00:56:00,2024-12-12 00:56:00,User0,Paperbit.io
Adjacent,"Paperbit.io , BradleyJHubbard",,2024-12-12 00:56:00,Paperbit.io,BradleyJHubbard
Adjacent,"User0 , Zak",2024-12-12 20:22:00,2024-12-12 20:21:00,User0,Zak
Adjacent,"User0 , muhammadahmad665",2024-12-13 13:52:00,2024-12-13 13:52:00,User0,muhammadahmad665
Adjacent,"User0 , EvanK",2024-12-13 14:32:00,2024-12-13 14:31:00,User0,EvanK
Adjacent,"User0 , sriman29",2024-12-14 15:11:00,2024-12-14 14:51:00,User0,sriman29
Adjacent,"sriman29 , lakeBreeze27",2024-12-14 15:09:00,2024-12-14 15:08:00,sriman29,lakeBreeze27
Adjacent,"sriman29 , CeemoAI",2024-12-14 15:13:00,2024-12-14 15:12:00,sriman29,CeemoAI
Adjacent,"Sauravsharma , NicPlamann",2024-12-16 21:00:00,2024-12-16 20:58:00,Sauravsharma,NicPlamann
Adjacent,"Sauravsharma , dlachanc",2024-12-16 21:09:00,2024-12-16 21:08:00,Sauravsharma,dlachanc
Adjacent,"Sauravsharma , TheStrive",2024-12-16 21:12:00,2024-12-16 21:11:00,Sauravsharma,TheStrive
Adjacent,"Harut , KhachSWE",2024-12-16 22:41:00,2024-12-16 22:20:00,Harut,KhachSWE
Adjacent,"User0 , ibrahimalkhaldi",2024-12-18 09:52:00,2024-12-18 09:51:00,User0,ibrahimalkhaldi
Adjacent,"User0 , Harut",2024-12-18 10:25:00,2024-12-18 10:24:00,User0,Harut
Adjacent,"User0 , Sauravsharma",2024-12-20 10:25:00,2024-12-18 10:29:00,User0,Sauravsharma
Adjacent,"User0 , KhachSWE",2024-12-18 10:30:00,2024-12-18 10:30:00,User0,KhachSWE
Adjacent,"User0 , Katyphm",2024-12-19 23:35:00,2024-12-19 23:34:00,User0,Katyphm
Adjacent,"User0 , MProffitt",2024-12-19 23:35:00,2024-12-19 23:35:00,User0,MProffitt
Adjacent,"adilsyed , mattstrick",2024-12-21 11:25:00,2024-12-20 17:58:00,adilsyed,mattstrick
Adjacent,"User0 , nberger",2024-12-21 05:26:00,2024-12-21 05:26:00,User0,nberger
Adjacent,"User0 , mbendit",2024-12-23 15:36:00,2024-12-23 15:36:00,User0,mbendit
Adjacent,"User0 , sshrags",2024-12-24 18:28:00,2024-12-24 18:28:00,User0,sshrags
